--
-- PostgreSQL database dump
--

\restrict BDzj99TFUIYsipUOl6Ms8e9S8isZMsMdZNiwHgTfZGaYpPOEi8SOyrTKkJKKxrk

-- Dumped from database version 18.3
-- Dumped by pg_dump version 18.3

-- Started on 2026-04-01 23:40:31

SET statement_timeout = 0;
SET lock_timeout = 0;
SET idle_in_transaction_session_timeout = 0;
SET transaction_timeout = 0;
SET client_encoding = 'UTF8';
SET standard_conforming_strings = on;
SELECT pg_catalog.set_config('search_path', '', false);
SET check_function_bodies = false;
SET xmloption = content;
SET client_min_messages = warning;
SET row_security = off;

SET default_tablespace = '';

SET default_table_access_method = heap;

--
-- TOC entry 219 (class 1259 OID 57989)
-- Name: doctrine_migration_versions; Type: TABLE; Schema: public; Owner: postgres
--

CREATE TABLE public.doctrine_migration_versions (
    version character varying(191) NOT NULL,
    executed_at timestamp(0) without time zone DEFAULT NULL::timestamp without time zone,
    execution_time integer
);


ALTER TABLE public.doctrine_migration_versions OWNER TO postgres;

--
-- TOC entry 221 (class 1259 OID 57997)
-- Name: document; Type: TABLE; Schema: public; Owner: postgres
--

CREATE TABLE public.document (
    id integer NOT NULL,
    title character varying(200) NOT NULL,
    slug character varying(220) NOT NULL,
    content text NOT NULL,
    excerpt character varying(400) DEFAULT NULL::character varying,
    access_level character varying(20) NOT NULL,
    reading_time integer,
    is_published boolean NOT NULL,
    published_at timestamp(0) without time zone DEFAULT NULL::timestamp without time zone,
    created_at timestamp(0) without time zone NOT NULL,
    updated_at timestamp(0) without time zone DEFAULT NULL::timestamp without time zone,
    category_id integer NOT NULL,
    author_id integer
);


ALTER TABLE public.document OWNER TO postgres;

--
-- TOC entry 223 (class 1259 OID 58019)
-- Name: document_category; Type: TABLE; Schema: public; Owner: postgres
--

CREATE TABLE public.document_category (
    id integer CONSTRAINT document_category_id_not_null1 NOT NULL,
    name character varying(100) NOT NULL,
    slug character varying(120) NOT NULL,
    description text,
    icon character varying(50) DEFAULT NULL::character varying,
    "position" integer NOT NULL,
    access_level character varying(20) NOT NULL
);


ALTER TABLE public.document_category OWNER TO postgres;

--
-- TOC entry 222 (class 1259 OID 58018)
-- Name: document_category_id_seq; Type: SEQUENCE; Schema: public; Owner: postgres
--

ALTER TABLE public.document_category ALTER COLUMN id ADD GENERATED BY DEFAULT AS IDENTITY (
    SEQUENCE NAME public.document_category_id_seq
    START WITH 1
    INCREMENT BY 1
    NO MINVALUE
    NO MAXVALUE
    CACHE 1
);


--
-- TOC entry 220 (class 1259 OID 57996)
-- Name: document_id_seq; Type: SEQUENCE; Schema: public; Owner: postgres
--

ALTER TABLE public.document ALTER COLUMN id ADD GENERATED BY DEFAULT AS IDENTITY (
    SEQUENCE NAME public.document_id_seq
    START WITH 1
    INCREMENT BY 1
    NO MINVALUE
    NO MAXVALUE
    CACHE 1
);


--
-- TOC entry 231 (class 1259 OID 58087)
-- Name: messenger_messages; Type: TABLE; Schema: public; Owner: postgres
--

CREATE TABLE public.messenger_messages (
    id bigint NOT NULL,
    body text NOT NULL,
    headers text NOT NULL,
    queue_name character varying(190) NOT NULL,
    created_at timestamp(0) without time zone NOT NULL,
    available_at timestamp(0) without time zone NOT NULL,
    delivered_at timestamp(0) without time zone DEFAULT NULL::timestamp without time zone
);


ALTER TABLE public.messenger_messages OWNER TO postgres;

--
-- TOC entry 230 (class 1259 OID 58086)
-- Name: messenger_messages_id_seq; Type: SEQUENCE; Schema: public; Owner: postgres
--

ALTER TABLE public.messenger_messages ALTER COLUMN id ADD GENERATED BY DEFAULT AS IDENTITY (
    SEQUENCE NAME public.messenger_messages_id_seq
    START WITH 1
    INCREMENT BY 1
    NO MINVALUE
    NO MAXVALUE
    CACHE 1
);


--
-- TOC entry 225 (class 1259 OID 58034)
-- Name: project; Type: TABLE; Schema: public; Owner: postgres
--

CREATE TABLE public.project (
    id integer NOT NULL,
    title character varying(150) NOT NULL,
    slug character varying(170) NOT NULL,
    type character varying(50) NOT NULL,
    short_desc character varying(255) NOT NULL,
    description text NOT NULL,
    tech_stack json NOT NULL,
    image_url character varying(255) DEFAULT NULL::character varying,
    project_url character varying(255) DEFAULT NULL::character varying,
    github_url character varying(255) DEFAULT NULL::character varying,
    is_featured boolean NOT NULL,
    is_visible boolean NOT NULL,
    "position" integer NOT NULL,
    created_at timestamp(0) without time zone NOT NULL
);


ALTER TABLE public.project OWNER TO postgres;

--
-- TOC entry 224 (class 1259 OID 58033)
-- Name: project_id_seq; Type: SEQUENCE; Schema: public; Owner: postgres
--

ALTER TABLE public.project ALTER COLUMN id ADD GENERATED BY DEFAULT AS IDENTITY (
    SEQUENCE NAME public.project_id_seq
    START WITH 1
    INCREMENT BY 1
    NO MINVALUE
    NO MAXVALUE
    CACHE 1
);


--
-- TOC entry 227 (class 1259 OID 58056)
-- Name: user; Type: TABLE; Schema: public; Owner: postgres
--

CREATE TABLE public."user" (
    id integer NOT NULL,
    email character varying(180) NOT NULL,
    roles json NOT NULL,
    password character varying(255) NOT NULL,
    first_name character varying(80) NOT NULL,
    last_name character varying(80) NOT NULL,
    is_premium boolean NOT NULL,
    stripe_customer_id character varying(255) DEFAULT NULL::character varying,
    created_at timestamp(0) without time zone NOT NULL,
    confirmed_at timestamp(0) without time zone DEFAULT NULL::timestamp without time zone,
    reset_token character varying(100) DEFAULT NULL::character varying,
    reset_token_expires_at timestamp(0) without time zone DEFAULT NULL::timestamp without time zone
);


ALTER TABLE public."user" OWNER TO postgres;

--
-- TOC entry 226 (class 1259 OID 58055)
-- Name: user_id_seq; Type: SEQUENCE; Schema: public; Owner: postgres
--

ALTER TABLE public."user" ALTER COLUMN id ADD GENERATED BY DEFAULT AS IDENTITY (
    SEQUENCE NAME public.user_id_seq
    START WITH 1
    INCREMENT BY 1
    NO MINVALUE
    NO MAXVALUE
    CACHE 1
);


--
-- TOC entry 229 (class 1259 OID 58075)
-- Name: waitlist_entry; Type: TABLE; Schema: public; Owner: postgres
--

CREATE TABLE public.waitlist_entry (
    id integer NOT NULL,
    email character varying(180) NOT NULL,
    first_name character varying(80) DEFAULT NULL::character varying,
    source character varying(50) NOT NULL,
    notified boolean NOT NULL,
    created_at timestamp(0) without time zone NOT NULL
);


ALTER TABLE public.waitlist_entry OWNER TO postgres;

--
-- TOC entry 228 (class 1259 OID 58074)
-- Name: waitlist_entry_id_seq; Type: SEQUENCE; Schema: public; Owner: postgres
--

ALTER TABLE public.waitlist_entry ALTER COLUMN id ADD GENERATED BY DEFAULT AS IDENTITY (
    SEQUENCE NAME public.waitlist_entry_id_seq
    START WITH 1
    INCREMENT BY 1
    NO MINVALUE
    NO MAXVALUE
    CACHE 1
);


--
-- TOC entry 5068 (class 0 OID 57989)
-- Dependencies: 219
-- Data for Name: doctrine_migration_versions; Type: TABLE DATA; Schema: public; Owner: postgres
--

COPY public.doctrine_migration_versions (version, executed_at, execution_time) FROM stdin;
DoctrineMigrations\\Version20260329214425	2026-03-29 23:44:38	62
DoctrineMigrations\\Version20260401204252	2026-04-01 22:42:56	41
\.


--
-- TOC entry 5070 (class 0 OID 57997)
-- Dependencies: 221
-- Data for Name: document; Type: TABLE DATA; Schema: public; Owner: postgres
--

COPY public.document (id, title, slug, content, excerpt, access_level, reading_time, is_published, published_at, created_at, updated_at, category_id, author_id) FROM stdin;
1	Qu'est-ce que le trading ?	quest-ce-que-le-trading	<p>Définition du trading, différence entre investissement et spéculation, les différents marchés (Forex, actions, indices, crypto, matières premières) et comment fonctionne l'achat/vente d'actifs financiers.</p><p><em>Contenu complet à rédiger.</em></p>	Définition du trading, différence entre investissement et spéculation, les différents marchés (Forex, actions, indices, crypto, matières premières) et comment fonctionne l'achat/vente d'actifs financiers.	free	8	t	2026-04-01 16:25:48	2026-04-01 16:25:48	\N	1	\N
2	Comprendre les marchés financiers	comprendre-les-marches-financiers	<p>Structure des marchés, participants (retail, institutions, market makers), heures de trading, sessions mondiales (Asie, Londres, New York) et leur importance.</p><p><em>Contenu complet à rédiger.</em></p>	Structure des marchés, participants (retail, institutions, market makers), heures de trading, sessions mondiales (Asie, Londres, New York) et leur importance.	free	10	t	2026-04-01 16:25:48	2026-04-01 16:25:48	\N	1	\N
3	Lire un graphique en chandeliers japonais	lire-graphique-chandeliers	<p>Anatomie d'une bougie, ouverture/clôture/haut/bas, bougies haussières et baissières, patterns de base (Doji, Hammer, Engulfing) et leur signification.</p><p><em>Contenu complet à rédiger.</em></p>	Anatomie d'une bougie, ouverture/clôture/haut/bas, bougies haussières et baissières, patterns de base (Doji, Hammer, Engulfing) et leur signification.	free	12	t	2026-04-01 16:25:48	2026-04-01 16:25:48	\N	1	\N
4	Les types d'ordres de trading	types-ordres-trading	<p>Ordre au marché, ordre limite, ordre stop, stop-loss, take-profit — comprendre chaque type d'ordre et quand les utiliser.</p><p><em>Contenu complet à rédiger.</em></p>	Ordre au marché, ordre limite, ordre stop, stop-loss, take-profit — comprendre chaque type d'ordre et quand les utiliser.	free	9	t	2026-04-01 16:25:48	2026-04-01 16:25:48	\N	1	\N
5	Gestion du risque — les fondamentaux	gestion-risque-fondamentaux	<p>Pourquoi 90% des traders perdent, le concept de risk/reward, ne jamais risquer plus de 1-2% par trade, calculer la taille de position. Les règles d'or avant de placer un seul trade.</p><p><em>Contenu complet à rédiger.</em></p>	Pourquoi 90% des traders perdent, le concept de risk/reward, ne jamais risquer plus de 1-2% par trade, calculer la taille de position. Les règles d'or avant de placer un seul trade.	free	11	t	2026-04-01 16:25:48	2026-04-01 16:25:48	\N	1	\N
6	Choisir son broker et sa plateforme	choisir-broker-plateforme	<p>Critères de sélection d'un broker fiable, différence entre CFD et marché réel, spreads et commissions, introduction à TradingView, MetaTrader et Bookmap.</p><p><em>Contenu complet à rédiger.</em></p>	Critères de sélection d'un broker fiable, différence entre CFD et marché réel, spreads et commissions, introduction à TradingView, MetaTrader et Bookmap.	free	7	t	2026-04-01 16:25:48	2026-04-01 16:25:48	\N	1	\N
7	Psychologie du trader débutant	psychologie-trader-debutant	<p>Les pièges cognitifs du débutant, FOMO, revenge trading, surtrading — comprendre pourquoi la psychologie est plus importante que la stratégie.</p><p><em>Contenu complet à rédiger.</em></p>	Les pièges cognitifs du débutant, FOMO, revenge trading, surtrading — comprendre pourquoi la psychologie est plus importante que la stratégie.	free	10	t	2026-04-01 16:25:48	2026-04-01 16:25:48	\N	1	\N
8	Tendances, supports et résistances	tendances-supports-resistances	<p>Définir une tendance haussière, baissière et latérale. Identifier les niveaux clés de support et résistance. Comment les zones deviennent-elles support puis résistance ? Zones vs lignes.</p><p><em>Contenu complet à rédiger.</em></p>	Définir une tendance haussière, baissière et latérale. Identifier les niveaux clés de support et résistance. Comment les zones deviennent-elles support puis résistance ? Zones vs lignes.	free	13	t	2026-04-01 16:25:48	2026-04-01 16:25:48	\N	2	\N
9	Moyennes mobiles — MA, EMA, VWAP	moyennes-mobiles-ma-ema-vwap	<p>Simple vs exponentielle, les croissements (Golden Cross / Death Cross), VWAP comme outil institutionnel, utilisation pratique en trend-following et mean-reversion.</p><p><em>Contenu complet à rédiger.</em></p>	Simple vs exponentielle, les croissements (Golden Cross / Death Cross), VWAP comme outil institutionnel, utilisation pratique en trend-following et mean-reversion.	free	12	t	2026-04-01 16:25:48	2026-04-01 16:25:48	\N	2	\N
10	RSI, MACD et oscillateurs	rsi-macd-oscillateurs	<p>Lecture du RSI (surachat/survente), divergences RSI, MACD et ses signaux, Stochastique — utilisation correcte des oscillateurs sans les sur-trader.</p><p><em>Contenu complet à rédiger.</em></p>	Lecture du RSI (surachat/survente), divergences RSI, MACD et ses signaux, Stochastique — utilisation correcte des oscillateurs sans les sur-trader.	free	11	t	2026-04-01 16:25:48	2026-04-01 16:25:48	\N	2	\N
11	Volumes — la clé ignorée	volumes-cle-ignoree	<p>Volume comme confirmation de mouvement, accumulation vs distribution visible par le volume, volume climax, analyse volume/prix de base.</p><p><em>Contenu complet à rédiger.</em></p>	Volume comme confirmation de mouvement, accumulation vs distribution visible par le volume, volume climax, analyse volume/prix de base.	free	10	t	2026-04-01 16:25:48	2026-04-01 16:25:48	\N	2	\N
12	Figures chartistes classiques	figures-chartistes-classiques	<p>Tête-épaules, double top/bottom, triangles (ascendant, descendant, symétrique), drapeaux, fanions, canaux — identification et trading de chaque figure.</p><p><em>Contenu complet à rédiger.</em></p>	Tête-épaules, double top/bottom, triangles (ascendant, descendant, symétrique), drapeaux, fanions, canaux — identification et trading de chaque figure.	free	14	t	2026-04-01 16:25:48	2026-04-01 16:25:48	\N	2	\N
13	Retracements de Fibonacci	retracements-fibonacci	<p>Les niveaux 23.6%, 38.2%, 50%, 61.8%, 78.6% et leur logique mathématique. Comment identifier le bon swing pour tracer les retracements. Extensions Fibonacci pour les objectifs.</p><p><em>Contenu complet à rédiger.</em></p>	Les niveaux 23.6%, 38.2%, 50%, 61.8%, 78.6% et leur logique mathématique. Comment identifier le bon swing pour tracer les retracements. Extensions Fibonacci pour les objectifs.	free	11	t	2026-04-01 16:25:48	2026-04-01 16:25:48	\N	2	\N
14	Multi-timeframe analysis — bases	multi-timeframe-bases	<p>Utiliser plusieurs unités de temps pour trader — le timeframe supérieur donne le biais, l'inférieur donne l'entrée. Éviter les conflits de structure.</p><p><em>Contenu complet à rédiger.</em></p>	Utiliser plusieurs unités de temps pour trader — le timeframe supérieur donne le biais, l'inférieur donne l'entrée. Éviter les conflits de structure.	free	12	t	2026-04-01 16:25:48	2026-04-01 16:25:48	\N	2	\N
15	Introduction à ICT et la théorie Smart Money	introduction-ict-smart-money	<p>Qui est Michael Huddleston (ICT), la philosophie Smart Money Concept, pourquoi le retail perd contre les institutions, et comment l'ICT propose de trader avec les gros acteurs plutôt que contre eux.</p><p><em>Contenu complet à rédiger.</em></p>	Qui est Michael Huddleston (ICT), la philosophie Smart Money Concept, pourquoi le retail perd contre les institutions, et comment l'ICT propose de trader avec les gros acteurs plutôt que contre eux.	free	8	t	2026-04-01 16:25:48	2026-04-01 16:25:48	\N	3	\N
16	Structure de marché — HH, HL, LH, LL	structure-de-marche-hh-hl	<p>Higher Highs / Higher Lows pour une tendance haussière, Lower Highs / Lower Lows pour une baissière. Identifier la structure sur plusieurs timeframes. Importance du contexte.</p><p><em>Contenu complet à rédiger.</em></p>	Higher Highs / Higher Lows pour une tendance haussière, Lower Highs / Lower Lows pour une baissière. Identifier la structure sur plusieurs timeframes. Importance du contexte.	free	13	t	2026-04-01 16:25:48	2026-04-01 16:25:48	\N	3	\N
17	Break of Structure (BOS) et Change of Character (CHoCH)	bos-choch	<p>BOS = continuation de tendance. CHoCH = signal de retournement. Comment identifier le swing valide, la différence entre wick et clôture, et comment utiliser BOS/CHoCH pour définir le biais.</p><p><em>Contenu complet à rédiger.</em></p>	BOS = continuation de tendance. CHoCH = signal de retournement. Comment identifier le swing valide, la différence entre wick et clôture, et comment utiliser BOS/CHoCH pour définir le biais.	free	14	t	2026-04-01 16:25:48	2026-04-01 16:25:48	\N	3	\N
18	Order Blocks — zones institutionnelles	order-blocks	<p>Définition et identification d'un Order Block bullish et bearish. Validation par le sweep de liquidité et le FVG. Mitigation et invalidation. OB vs simple S/R. Breaker Block (OB retourné).</p><p><em>Contenu complet à rédiger.</em></p>	Définition et identification d'un Order Block bullish et bearish. Validation par le sweep de liquidité et le FVG. Mitigation et invalidation. OB vs simple S/R. Breaker Block (OB retourné).	free	15	t	2026-04-01 16:25:48	2026-04-01 16:25:48	\N	3	\N
19	Fair Value Gaps — imbalances de prix	fair-value-gaps	<p>Les 3 bougies qui forment un FVG, bullish vs bearish FVG. Consequent Encroachment (50% du FVG). Inversion FVG (IFVG). Comment le marché revient combler les inefficiences.</p><p><em>Contenu complet à rédiger.</em></p>	Les 3 bougies qui forment un FVG, bullish vs bearish FVG. Consequent Encroachment (50% du FVG). Inversion FVG (IFVG). Comment le marché revient combler les inefficiences.	free	14	t	2026-04-01 16:25:48	2026-04-01 16:25:48	\N	3	\N
20	Liquidité — la ressource que chassent les institutions	liquidite-chasse-institutions	<p>Buy-side et sell-side liquidity, equal highs/lows comme pièges, stop hunts et liquidity sweeps. Judas Swing. Comment anticiper les chasses de stops pour entrer dans la direction réelle.</p><p><em>Contenu complet à rédiger.</em></p>	Buy-side et sell-side liquidity, equal highs/lows comme pièges, stop hunts et liquidity sweeps. Judas Swing. Comment anticiper les chasses de stops pour entrer dans la direction réelle.	free	13	t	2026-04-01 16:25:48	2026-04-01 16:25:48	\N	3	\N
21	Kill Zones — les fenêtres de trading ICT	kill-zones	<p>Asian Range (définition du range nocturne), London Kill Zone (02h-05h EST), New York Kill Zone (07h-10h EST), London Close (10h-12h). Pourquoi ces fenêtres concentrent le volume institutionnel.</p><p><em>Contenu complet à rédiger.</em></p>	Asian Range (définition du range nocturne), London Kill Zone (02h-05h EST), New York Kill Zone (07h-10h EST), London Close (10h-12h). Pourquoi ces fenêtres concentrent le volume institutionnel.	free	9	t	2026-04-01 16:25:48	2026-04-01 16:25:48	\N	3	\N
22	Premium & Discount — zones d'intérêt optimal	premium-discount	<p>Equilibrium (50% d'un range), zones premium (au-dessus du 50% = vendre), zones discount (en-dessous = acheter). Appliquer ce concept à la définition des entrées ICT.</p><p><em>Contenu complet à rédiger.</em></p>	Equilibrium (50% d'un range), zones premium (au-dessus du 50% = vendre), zones discount (en-dessous = acheter). Appliquer ce concept à la définition des entrées ICT.	free	10	t	2026-04-01 16:25:48	2026-04-01 16:25:48	\N	3	\N
23	Power of Three (PO3) — Accumulation, Manipulation, Distribution	power-of-three-po3	<p>Le modèle en 3 phases que suivent les institutions chaque session : accumulation silencieuse, manipulation (Judas Swing) pour piéger le retail, puis distribution dans la vraie direction.</p><p><em>Contenu complet à rédiger.</em></p>	Le modèle en 3 phases que suivent les institutions chaque session : accumulation silencieuse, manipulation (Judas Swing) pour piéger le retail, puis distribution dans la vraie direction.	premium	16	t	2026-04-01 16:25:48	2026-04-01 16:25:48	\N	4	\N
24	CISD — Change in State of Delivery	cisd-change-state-delivery	<p>Identifier le changement d'état de livraison de prix au niveau des bougies. Signal de retournement sur timeframe inférieur. Comment utiliser le CISD pour des entrées précises.</p><p><em>Contenu complet à rédiger.</em></p>	Identifier le changement d'état de livraison de prix au niveau des bougies. Signal de retournement sur timeframe inférieur. Comment utiliser le CISD pour des entrées précises.	premium	14	t	2026-04-01 16:25:48	2026-04-01 16:25:48	\N	4	\N
25	Silver Bullet Strategy — 10h-11h et 14h-15h EST	silver-bullet-strategy	<p>Setup ICT basé sur des fenêtres horaires spécifiques. Identification du FVG matinal, retrace pendant la Silver Bullet, entrée en direction de la session. Backtesting sur indices.</p><p><em>Contenu complet à rédiger.</em></p>	Setup ICT basé sur des fenêtres horaires spécifiques. Identification du FVG matinal, retrace pendant la Silver Bullet, entrée en direction de la session. Backtesting sur indices.	premium	15	t	2026-04-01 16:25:48	2026-04-01 16:25:48	\N	4	\N
26	Inversion Fair Value Gap (IFVG)	inversion-fair-value-gap	<p>Quand un FVG bullish est comblé, il devient résistance (IFVG bearish) et vice versa. Comment identifier et trader les IFVG avec confluence liquidity sweep.</p><p><em>Contenu complet à rédiger.</em></p>	Quand un FVG bullish est comblé, il devient résistance (IFVG bearish) et vice versa. Comment identifier et trader les IFVG avec confluence liquidity sweep.	premium	13	t	2026-04-01 16:25:48	2026-04-01 16:25:48	\N	4	\N
27	Breaker Blocks et Mitigation Blocks	breaker-blocks-mitigation	<p>Breaker = OB qui a été cassé et retourné. Mitigation Block = OB partiellement mitigé qui reste valide. Différences pratiques et comment les trader.</p><p><em>Contenu complet à rédiger.</em></p>	Breaker = OB qui a été cassé et retourné. Mitigation Block = OB partiellement mitigé qui reste valide. Différences pratiques et comment les trader.	premium	14	t	2026-04-01 16:25:48	2026-04-01 16:25:48	\N	4	\N
28	Consequent Encroachment et Equilibrium	consequent-encroachment	<p>Le 50% d'un FVG ou d'un OB comme zone de réaction optimale. Utilisation du niveau CE comme entrée précise avec stop plus serré.</p><p><em>Contenu complet à rédiger.</em></p>	Le 50% d'un FVG ou d'un OB comme zone de réaction optimale. Utilisation du niveau CE comme entrée précise avec stop plus serré.	premium	12	t	2026-04-01 16:25:48	2026-04-01 16:25:48	\N	4	\N
29	Optimal Trade Entry (OTE) — entrée précise Fibonacci ICT	optimal-trade-entry-ote	<p>Le retracement 61.8%-79% dans un FVG ou OB = zone OTE. Combinaison Fibonacci + structure + FVG pour des entrées à haute précision avec risque minimal.</p><p><em>Contenu complet à rédiger.</em></p>	Le retracement 61.8%-79% dans un FVG ou OB = zone OTE. Combinaison Fibonacci + structure + FVG pour des entrées à haute précision avec risque minimal.	premium	13	t	2026-04-01 16:25:48	2026-04-01 16:25:48	\N	4	\N
30	ICT Unicorn Model — setup complet	ict-unicorn-model	<p>Le modèle Unicorn complet : structure de marché, liquidity sweep, FVG + OB confluence, entrée OTE. Un des setups ICT les plus rigoureux et les mieux documentés.</p><p><em>Contenu complet à rédiger.</em></p>	Le modèle Unicorn complet : structure de marché, liquidity sweep, FVG + OB confluence, entrée OTE. Un des setups ICT les plus rigoureux et les mieux documentés.	premium	16	t	2026-04-01 16:25:48	2026-04-01 16:25:48	\N	4	\N
31	ICT Monthly/Weekly/Daily Profiles	ict-profiles-mwdd	<p>Les profils de prix mensuels, hebdomadaires et journaliers. Comment le prix interagit avec les Previous High/Low de chaque timeframe. Expansion et contraction.</p><p><em>Contenu complet à rédiger.</em></p>	Les profils de prix mensuels, hebdomadaires et journaliers. Comment le prix interagit avec les Previous High/Low de chaque timeframe. Expansion et contraction.	premium	17	t	2026-04-01 16:25:48	2026-04-01 16:25:48	\N	4	\N
32	Dealing Ranges et Nested Ranges	dealing-ranges-nested	<p>Identifier les ranges actifs sur chaque timeframe, premium/discount dans un range, nested ranges (ranges dans des ranges). Définir avec précision les zones d'intérêt.</p><p><em>Contenu complet à rédiger.</em></p>	Identifier les ranges actifs sur chaque timeframe, premium/discount dans un range, nested ranges (ranges dans des ranges). Définir avec précision les zones d'intérêt.	premium	15	t	2026-04-01 16:25:48	2026-04-01 16:25:48	\N	4	\N
33	Introduction à la méthode Wyckoff	introduction-methode-wyckoff	<p>Richard Wyckoff et sa vision des marchés, les 3 lois fondamentales (offre/demande, cause/effet, effort/résultat), le concept de Composite Man (l'institution personnifiée).</p><p><em>Contenu complet à rédiger.</em></p>	Richard Wyckoff et sa vision des marchés, les 3 lois fondamentales (offre/demande, cause/effet, effort/résultat), le concept de Composite Man (l'institution personnifiée).	free	12	t	2026-04-01 16:25:48	2026-04-01 16:25:48	\N	5	\N
34	Accumulation Wyckoff — Phases A à E	accumulation-wyckoff-phases	<p>Analyse détaillée des 5 phases d'accumulation : Phase A (arrêt de la baisse), B (construction de cause), C (Spring/Shakeout), D (signal d'achat), E (markup). Schémas de Wyckoff.</p><p><em>Contenu complet à rédiger.</em></p>	Analyse détaillée des 5 phases d'accumulation : Phase A (arrêt de la baisse), B (construction de cause), C (Spring/Shakeout), D (signal d'achat), E (markup). Schémas de Wyckoff.	free	18	t	2026-04-01 16:25:48	2026-04-01 16:25:48	\N	5	\N
35	Distribution Wyckoff — Phases A à E	distribution-wyckoff-phases	<p>Les 5 phases de distribution Wyckoff avec les événements clés : PSY, BC, AR, ST, UTAD, SOW. Comment identifier quand les institutions vendent leurs positions.</p><p><em>Contenu complet à rédiger.</em></p>	Les 5 phases de distribution Wyckoff avec les événements clés : PSY, BC, AR, ST, UTAD, SOW. Comment identifier quand les institutions vendent leurs positions.	free	17	t	2026-04-01 16:25:48	2026-04-01 16:25:48	\N	5	\N
36	Spring et Upthrust — les pièges de Wyckoff	spring-upthrust-wyckoff	<p>Spring (faux breakout baissier en fin d'accumulation) et Upthrust (faux breakout haussier en fin de distribution) — les mouvements les plus importants de la méthode Wyckoff.</p><p><em>Contenu complet à rédiger.</em></p>	Spring (faux breakout baissier en fin d'accumulation) et Upthrust (faux breakout haussier en fin de distribution) — les mouvements les plus importants de la méthode Wyckoff.	free	14	t	2026-04-01 16:25:48	2026-04-01 16:25:48	\N	5	\N
37	Volume Spread Analysis (VSA) — bases	volume-spread-analysis-bases	<p>Analyse barre par barre du volume et du spread (range de la bougie). Stopping Volume, No Supply, No Demand, Effort vs Result. Les signaux VSA les plus fiables.</p><p><em>Contenu complet à rédiger.</em></p>	Analyse barre par barre du volume et du spread (range de la bougie). Stopping Volume, No Supply, No Demand, Effort vs Result. Les signaux VSA les plus fiables.	free	13	t	2026-04-01 16:25:48	2026-04-01 16:25:48	\N	5	\N
38	Re-accumulation et Re-distribution	reaccumulation-redistribution	<p>Les structures de re-accumulation (consolidation dans une tendance haussière) et re-distribution (consolidation dans une tendance baissière). Différences avec les tops/bottoms.</p><p><em>Contenu complet à rédiger.</em></p>	Les structures de re-accumulation (consolidation dans une tendance haussière) et re-distribution (consolidation dans une tendance baissière). Différences avec les tops/bottoms.	free	12	t	2026-04-01 16:25:48	2026-04-01 16:25:48	\N	5	\N
39	Introduction à l'Orderflow	introduction-orderflow	<p>Différence entre analyse graphique et orderflow. Qu'est-ce qu'un flux d'ordres ? Limit orders vs market orders, bid/ask, le carnet d'ordres (DOM) et comment les institutions cachent leurs ordres.</p><p><em>Contenu complet à rédiger.</em></p>	Différence entre analyse graphique et orderflow. Qu'est-ce qu'un flux d'ordres ? Limit orders vs market orders, bid/ask, le carnet d'ordres (DOM) et comment les institutions cachent leurs ordres.	premium	11	t	2026-04-01 16:25:48	2026-04-01 16:25:48	\N	6	\N
40	Delta et Delta Cumulé (CVD)	delta-delta-cumule-cvd	<p>Delta = acheteurs agressifs - vendeurs agressifs. CVD = somme cumulée du delta. Divergences CVD/prix pour anticiper les retournements. Absorption et delta négatif sur hausse.</p><p><em>Contenu complet à rédiger.</em></p>	Delta = acheteurs agressifs - vendeurs agressifs. CVD = somme cumulée du delta. Divergences CVD/prix pour anticiper les retournements. Absorption et delta négatif sur hausse.	premium	14	t	2026-04-01 16:25:48	2026-04-01 16:25:48	\N	6	\N
41	Footprint Charts — lecture avancée	footprint-charts-lecture	<p>Anatomie d'un footprint chart (bid/ask par niveau de prix), Imbalances (≥3:1 ratio bid/ask), Stacked Imbalances, Point of Control (POC), High Volume Nodes (HVN) et Low Volume Nodes (LVN).</p><p><em>Contenu complet à rédiger.</em></p>	Anatomie d'un footprint chart (bid/ask par niveau de prix), Imbalances (≥3:1 ratio bid/ask), Stacked Imbalances, Point of Control (POC), High Volume Nodes (HVN) et Low Volume Nodes (LVN).	premium	16	t	2026-04-01 16:25:48	2026-04-01 16:25:48	\N	6	\N
42	Absorption et épuisement par orderflow	absorption-epuisement-orderflow	<p>Detecting absorption : gros volume sans mouvement de prix. Climax d'achat/vente. Comment lire l'épuisement de tendance sur le footprint avant le retournement.</p><p><em>Contenu complet à rédiger.</em></p>	Detecting absorption : gros volume sans mouvement de prix. Climax d'achat/vente. Comment lire l'épuisement de tendance sur le footprint avant le retournement.	premium	15	t	2026-04-01 16:25:48	2026-04-01 16:25:48	\N	6	\N
43	DOM (Depth of Market) — le carnet d'ordres	dom-depth-of-market	<p>Lire le DOM en temps réel, identifier les gros blocs d'ordres, iceberg orders, spoofing, layering. Comment les institutions dissimulent leurs intentions dans le carnet.</p><p><em>Contenu complet à rédiger.</em></p>	Lire le DOM en temps réel, identifier les gros blocs d'ordres, iceberg orders, spoofing, layering. Comment les institutions dissimulent leurs intentions dans le carnet.	premium	13	t	2026-04-01 16:25:48	2026-04-01 16:25:48	\N	6	\N
44	Volume Profile — POC, VA, VAH, VAL	volume-profile-poc-va	<p>Construction d'un Volume Profile, Point of Control (POC), Value Area High/Low (70% du volume). Profils de session, hebdomadaires et mensuels. Zones d'intérêt pour les entrées.</p><p><em>Contenu complet à rédiger.</em></p>	Construction d'un Volume Profile, Point of Control (POC), Value Area High/Low (70% du volume). Profils de session, hebdomadaires et mensuels. Zones d'intérêt pour les entrées.	premium	15	t	2026-04-01 16:25:48	2026-04-01 16:25:48	\N	6	\N
45	Market Profile et TPO Charts	market-profile-tpo	<p>TPO (Time Price Opportunity), Initial Balance, Value Area, Single Prints. Comment utiliser le Market Profile pour comprendre la structure journalière et anticiper les extensions.</p><p><em>Contenu complet à rédiger.</em></p>	TPO (Time Price Opportunity), Initial Balance, Value Area, Single Prints. Comment utiliser le Market Profile pour comprendre la structure journalière et anticiper les extensions.	premium	14	t	2026-04-01 16:25:48	2026-04-01 16:25:48	\N	6	\N
46	VWAP et VWAP Bands avancés	vwap-bands-avances	<p>VWAP institutionnel, VWAP anchored, bandes standard de déviation (1σ, 2σ, 3σ). Confluence VWAP + structure ICT. VWAP comme proxy institutionnel pour la fair value.</p><p><em>Contenu complet à rédiger.</em></p>	VWAP institutionnel, VWAP anchored, bandes standard de déviation (1σ, 2σ, 3σ). Confluence VWAP + structure ICT. VWAP comme proxy institutionnel pour la fair value.	premium	13	t	2026-04-01 16:25:48	2026-04-01 16:25:48	\N	6	\N
47	STDV — déviations standards sur les marchés	stdv-deviations-standards	<p>La déviation standard comme outil de probabilité. STDV journalière pour définir des objectifs de prix. Average True Range (ATR) vs STDV. Comment calculer des cibles probabilistes.</p><p><em>Contenu complet à rédiger.</em></p>	La déviation standard comme outil de probabilité. STDV journalière pour définir des objectifs de prix. Average True Range (ATR) vs STDV. Comment calculer des cibles probabilistes.	premium	15	t	2026-04-01 16:25:48	2026-04-01 16:25:48	\N	7	\N
48	Distributions statistiques des rendements	distributions-statistiques-rendements	<p>Distribution normale vs distribution en queues épaisses (fat tails). Kurtosis et skewness dans les marchés financiers. Pourquoi les modèles gaussiens sous-estiment le risque réel.</p><p><em>Contenu complet à rédiger.</em></p>	Distribution normale vs distribution en queues épaisses (fat tails). Kurtosis et skewness dans les marchés financiers. Pourquoi les modèles gaussiens sous-estiment le risque réel.	premium	14	t	2026-04-01 16:25:48	2026-04-01 16:25:48	\N	7	\N
49	Backtesting rigoureux — méthodologie complète	backtesting-rigoureux-methodologie	<p>In-sample vs out-of-sample, walk-forward analysis, overfitting et curve-fitting, statistical significance (minimum 30 trades, idéalement 200+), metrics clés (Sharpe, Sortino, Max DD, Calmar).</p><p><em>Contenu complet à rédiger.</em></p>	In-sample vs out-of-sample, walk-forward analysis, overfitting et curve-fitting, statistical significance (minimum 30 trades, idéalement 200+), metrics clés (Sharpe, Sortino, Max DD, Calmar).	premium	18	t	2026-04-01 16:25:48	2026-04-01 16:25:48	\N	7	\N
50	Monte Carlo — robustesse d'une stratégie	monte-carlo-robustesse	<p>Simulation Monte Carlo pour tester la robustesse d'une stratégie. Variabilité du drawdown selon les runs, probabilité de ruine, expected value. Construire des intervalles de confiance.</p><p><em>Contenu complet à rédiger.</em></p>	Simulation Monte Carlo pour tester la robustesse d'une stratégie. Variabilité du drawdown selon les runs, probabilité de ruine, expected value. Construire des intervalles de confiance.	premium	16	t	2026-04-01 16:25:48	2026-04-01 16:25:48	\N	7	\N
51	Kelly Criterion et sizing optimal	kelly-criterion-sizing	<p>La formule de Kelly pour le sizing optimal, Kelly fractionnel (25% ou 50% Kelly), risk of ruin selon le sizing. Comparaison fixed fractional vs Kelly vs fixed lot.</p><p><em>Contenu complet à rédiger.</em></p>	La formule de Kelly pour le sizing optimal, Kelly fractionnel (25% ou 50% Kelly), risk of ruin selon le sizing. Comparaison fixed fractional vs Kelly vs fixed lot.	premium	13	t	2026-04-01 16:25:48	2026-04-01 16:25:48	\N	7	\N
52	Corrélation et diversification	correlation-diversification	<p>Matrices de corrélation entre actifs, éviter la fausse diversification (EUR/USD + GBP/USD trop corrélés), construction d'un portefeuille de stratégies décorrélées.</p><p><em>Contenu complet à rédiger.</em></p>	Matrices de corrélation entre actifs, éviter la fausse diversification (EUR/USD + GBP/USD trop corrélés), construction d'un portefeuille de stratégies décorrélées.	premium	12	t	2026-04-01 16:25:48	2026-04-01 16:25:48	\N	7	\N
53	Expected Value (EV) et edge statistique	expected-value-edge-statistique	<p>Calculer l'espérance mathématique d'une stratégie, minimum viable win rate selon le R:R, différence entre EV positive et winning system. Tester statistiquement si votre edge est réel.</p><p><em>Contenu complet à rédiger.</em></p>	Calculer l'espérance mathématique d'une stratégie, minimum viable win rate selon le R:R, différence entre EV positive et winning system. Tester statistiquement si votre edge est réel.	premium	11	t	2026-04-01 16:25:48	2026-04-01 16:25:48	\N	7	\N
54	Ratio de Sharpe, Sortino et autres métriques	ratio-sharpe-sortino-metriques	<p>Comprendre et calculer le Sharpe Ratio, le Sortino (pénalise uniquement les baisses), le Calmar (rendement/max DD), Profit Factor, Recovery Factor. Lire un rapport de backtest complet.</p><p><em>Contenu complet à rédiger.</em></p>	Comprendre et calculer le Sharpe Ratio, le Sortino (pénalise uniquement les baisses), le Calmar (rendement/max DD), Profit Factor, Recovery Factor. Lire un rapport de backtest complet.	premium	13	t	2026-04-01 16:25:48	2026-04-01 16:25:48	\N	7	\N
55	Position sizing — calculer la taille exacte	position-sizing-calcul	<p>Formule complète de calcul de position : (Capital × %Risk) / (Distance SL en pips × Valeur du pip). Application sur Forex, indices, crypto. Erreurs communes de sizing.</p><p><em>Contenu complet à rédiger.</em></p>	Formule complète de calcul de position : (Capital × %Risk) / (Distance SL en pips × Valeur du pip). Application sur Forex, indices, crypto. Erreurs communes de sizing.	premium	12	t	2026-04-01 16:25:48	2026-04-01 16:25:48	\N	8	\N
56	Stop Loss — placement professionnel	stop-loss-placement-professionnel	<p>Stop loss structurel vs ATR-based vs fixed. Placer le SL derrière un OB, sous un FVG, au-delà d'un swing. Éviter les SL ronds et les SL trop larges ou trop serrés.</p><p><em>Contenu complet à rédiger.</em></p>	Stop loss structurel vs ATR-based vs fixed. Placer le SL derrière un OB, sous un FVG, au-delà d'un swing. Éviter les SL ronds et les SL trop larges ou trop serrés.	premium	13	t	2026-04-01 16:25:48	2026-04-01 16:25:48	\N	8	\N
57	Risk/Reward — maximiser l'espérance	risk-reward-maximiser-esperance	<p>Pourquoi un win rate de 40% peut être profitable avec un R:R 1:3. Construire un journal de trading avec suivi R:R. Adjusted R:R selon le marché et la stratégie.</p><p><em>Contenu complet à rédiger.</em></p>	Pourquoi un win rate de 40% peut être profitable avec un R:R 1:3. Construire un journal de trading avec suivi R:R. Adjusted R:R selon le marché et la stratégie.	premium	11	t	2026-04-01 16:25:48	2026-04-01 16:25:48	\N	8	\N
58	Gestion de la position ouverte	gestion-position-ouverte	<p>Trailing stop, scale-out (fermer 50% au 1:1 puis laisser courir), breakeven move, pyramiding (ajouter en position gagnante). Avantages et inconvénients de chaque approche.</p><p><em>Contenu complet à rédiger.</em></p>	Trailing stop, scale-out (fermer 50% au 1:1 puis laisser courir), breakeven move, pyramiding (ajouter en position gagnante). Avantages et inconvénients de chaque approche.	premium	14	t	2026-04-01 16:25:48	2026-04-01 16:25:48	\N	8	\N
59	Drawdown — comprendre et survivre	drawdown-comprendre-survivre	<p>Max drawdown absolu vs relatif, drawdown duration, psychological drawdown. Comment gérer un drawdown sans over-trade ou changer de stratégie. Critères de circuit-breaker.</p><p><em>Contenu complet à rédiger.</em></p>	Max drawdown absolu vs relatif, drawdown duration, psychological drawdown. Comment gérer un drawdown sans over-trade ou changer de stratégie. Critères de circuit-breaker.	premium	13	t	2026-04-01 16:25:48	2026-04-01 16:25:48	\N	8	\N
60	Journal de trading — système complet	journal-trading-systeme	<p>Construire un journal de trading efficace : capture du trade (setup, entry, SL, TP), analyse post-trade, tags de setup, suivi des métriques mensuelles. Templates et outils.</p><p><em>Contenu complet à rédiger.</em></p>	Construire un journal de trading efficace : capture du trade (setup, entry, SL, TP), analyse post-trade, tags de setup, suivi des métriques mensuelles. Templates et outils.	premium	14	t	2026-04-01 16:25:48	2026-04-01 16:25:48	\N	8	\N
61	Les biais cognitifs du trader	biais-cognitifs-trader	<p>FOMO, confirmation bias, anchoring, loss aversion, recency bias, gambler's fallacy — les principaux pièges mentaux et comment les identifier dans votre propre trading.</p><p><em>Contenu complet à rédiger.</em></p>	FOMO, confirmation bias, anchoring, loss aversion, recency bias, gambler's fallacy — les principaux pièges mentaux et comment les identifier dans votre propre trading.	free	12	t	2026-04-01 16:25:48	2026-04-01 16:25:48	\N	9	\N
62	Revenge trading et overtrading	revenge-trading-overtrading	<p>Pourquoi le revenge trading est destructeur, comment reconnaître ses signes avant-coureurs, systèmes de règles pour s'arrêter. L'overtrading et la notion de "trop de trades".</p><p><em>Contenu complet à rédiger.</em></p>	Pourquoi le revenge trading est destructeur, comment reconnaître ses signes avant-coureurs, systèmes de règles pour s'arrêter. L'overtrading et la notion de "trop de trades".	free	11	t	2026-04-01 16:25:48	2026-04-01 16:25:48	\N	9	\N
63	Construire sa discipline de trading	construire-discipline-trading	<p>Routine pré-marché, plan de trading journalier, règles non-négociables, systèmes de accountability. Comment passer d'un trading émotionnel à un trading processus.</p><p><em>Contenu complet à rédiger.</em></p>	Routine pré-marché, plan de trading journalier, règles non-négociables, systèmes de accountability. Comment passer d'un trading émotionnel à un trading processus.	free	13	t	2026-04-01 16:25:48	2026-04-01 16:25:48	\N	9	\N
64	Gérer les pertes et les séries perdantes	gerer-pertes-series-perdantes	<p>Les pertes font partie du trading — accepter l'incertitude. Gérer une série de 10 pertes consécutives sans déraper. Différence entre loss normale et signal de problème de stratégie.</p><p><em>Contenu complet à rédiger.</em></p>	Les pertes font partie du trading — accepter l'incertitude. Gérer une série de 10 pertes consécutives sans déraper. Différence entre loss normale et signal de problème de stratégie.	free	11	t	2026-04-01 16:25:48	2026-04-01 16:25:48	\N	9	\N
65	Introduction au trading algorithmique	introduction-trading-algorithmique	<p>Trading discrétionnaire vs algorithmique, avantages et limites des algos, types d'algos (trend-following, mean-reversion, market-making, arbitrage), infrastructure nécessaire.</p><p><em>Contenu complet à rédiger.</em></p>	Trading discrétionnaire vs algorithmique, avantages et limites des algos, types d'algos (trend-following, mean-reversion, market-making, arbitrage), infrastructure nécessaire.	premium	12	t	2026-04-01 16:25:48	2026-04-01 16:25:48	\N	10	\N
66	PineScript — coder ses indicateurs TradingView	pinescript-indicateurs-tradingview	<p>Bases du PineScript v5, créer un indicateur custom, backtesting natif TradingView, coder un Order Block indicator, FVG detector, BOS/CHoCH alert. Code source commenté.</p><p><em>Contenu complet à rédiger.</em></p>	Bases du PineScript v5, créer un indicateur custom, backtesting natif TradingView, coder un Order Block indicator, FVG detector, BOS/CHoCH alert. Code source commenté.	premium	16	t	2026-04-01 16:25:48	2026-04-01 16:25:48	\N	10	\N
67	Python pour le trading — bases	python-trading-bases	<p>Pandas, NumPy pour l'analyse de données de marché. Télécharger des données (yfinance, CCXT). Calculer des indicateurs custom. Visualiser avec Matplotlib/Plotly.</p><p><em>Contenu complet à rédiger.</em></p>	Pandas, NumPy pour l'analyse de données de marché. Télécharger des données (yfinance, CCXT). Calculer des indicateurs custom. Visualiser avec Matplotlib/Plotly.	premium	18	t	2026-04-01 16:25:48	2026-04-01 16:25:48	\N	10	\N
68	Backtesting en Python — backtrader et vectorbt	backtesting-python-vectorbt	<p>Construire un backtester propre avec Vectorbt (vectorisé, ultra-rapide) ou Backtrader (orienté objet). Éviter les look-ahead biais. Calculer toutes les métriques.</p><p><em>Contenu complet à rédiger.</em></p>	Construire un backtester propre avec Vectorbt (vectorisé, ultra-rapide) ou Backtrader (orienté objet). Éviter les look-ahead biais. Calculer toutes les métriques.	premium	17	t	2026-04-01 16:25:48	2026-04-01 16:25:48	\N	10	\N
69	Connexion broker et exécution automatique	connexion-broker-execution	<p>API Interactive Brokers (IBKR), Binance API, OANDA API. Passer des ordres automatiquement depuis Python. Gestion des erreurs et reconnexions. Infrastructure VPS.</p><p><em>Contenu complet à rédiger.</em></p>	API Interactive Brokers (IBKR), Binance API, OANDA API. Passer des ordres automatiquement depuis Python. Gestion des erreurs et reconnexions. Infrastructure VPS.	premium	15	t	2026-04-01 16:25:48	2026-04-01 16:25:48	\N	10	\N
70	Stratégie ICT en Python — implémentation complète	strategie-ict-python	<p>Implémenter en Python : détection de BOS/CHoCH, identification d'Order Blocks, Fair Value Gaps, kill zones. Backtesting complet sur 3 ans de données tick. Code complet fourni.</p><p><em>Contenu complet à rédiger.</em></p>	Implémenter en Python : détection de BOS/CHoCH, identification d'Order Blocks, Fair Value Gaps, kill zones. Backtesting complet sur 3 ans de données tick. Code complet fourni.	premium	20	t	2026-04-01 16:25:48	2026-04-01 16:25:48	\N	10	\N
71	Setup ICT Unicorn — guide complet	setup-ict-unicorn-guide	<p>Setup complet Unicorn : biais HTF → structure LTF → liquidity sweep → BOS/CHoCH → OB+FVG confluence → OTE entry → SL sous OB → TP au prochain liquidity level. 10 exemples réels.</p><p><em>Contenu complet à rédiger.</em></p>	Setup complet Unicorn : biais HTF → structure LTF → liquidity sweep → BOS/CHoCH → OB+FVG confluence → OTE entry → SL sous OB → TP au prochain liquidity level. 10 exemples réels.	premium	20	t	2026-04-01 16:25:48	2026-04-01 16:25:48	\N	11	\N
72	Setup Silver Bullet — 10h-11h EST	setup-silver-bullet-complet	<p>Silver Bullet complet avec règles précises, filtres de validité, gestion de position et journal de 50 trades commentés. Taux de réussite observé et conditions de validité.</p><p><em>Contenu complet à rédiger.</em></p>	Silver Bullet complet avec règles précises, filtres de validité, gestion de position et journal de 50 trades commentés. Taux de réussite observé et conditions de validité.	premium	18	t	2026-04-01 16:25:48	2026-04-01 16:25:48	\N	11	\N
73	Trading les indices — NAS100, SP500	trading-indices-nas100-sp500	<p>Spécificités des indices US, horaires, gaps overnight, corrélation avec les données macro (NFP, CPI, FOMC), strategies ICT adaptées aux indices. Sizing en points.</p><p><em>Contenu complet à rédiger.</em></p>	Spécificités des indices US, horaires, gaps overnight, corrélation avec les données macro (NFP, CPI, FOMC), strategies ICT adaptées aux indices. Sizing en points.	premium	16	t	2026-04-01 16:25:48	2026-04-01 16:25:48	\N	11	\N
74	Trading le Forex — EUR/USD, GBP/USD	trading-forex-eurusd-gbpusd	<p>Spécificités du Forex, sessions et corrélations de paires, ICT sur le Forex (DXY comme biais), gestion du swap overnight, exemples complets sur EUR/USD.</p><p><em>Contenu complet à rédiger.</em></p>	Spécificités du Forex, sessions et corrélations de paires, ICT sur le Forex (DXY comme biais), gestion du swap overnight, exemples complets sur EUR/USD.	premium	15	t	2026-04-01 16:25:48	2026-04-01 16:25:48	\N	11	\N
75	Trading la crypto — Bitcoin et altcoins	trading-crypto-bitcoin	<p>Marchés crypto 24/7 et leurs implications, manipulation spécifique au crypto (whale manipulation), ICT sur BTC, corrélation altcoins/BTC, liquidation cascades.</p><p><em>Contenu complet à rédiger.</em></p>	Marchés crypto 24/7 et leurs implications, manipulation spécifique au crypto (whale manipulation), ICT sur BTC, corrélation altcoins/BTC, liquidation cascades.	premium	14	t	2026-04-01 16:25:48	2026-04-01 16:25:48	\N	11	\N
76	Swing trading vs day trading — quelle approche ?	swing-trading-vs-day-trading	<p>Comparaison rigoureuse : capital requis, temps disponible, psychologie, frais, performance. Comment choisir selon son profil. Stratégies ICT adaptées au swing.</p><p><em>Contenu complet à rédiger.</em></p>	Comparaison rigoureuse : capital requis, temps disponible, psychologie, frais, performance. Comment choisir selon son profil. Stratégies ICT adaptées au swing.	premium	13	t	2026-04-01 16:25:48	2026-04-01 16:25:48	\N	11	\N
\.


--
-- TOC entry 5072 (class 0 OID 58019)
-- Dependencies: 223
-- Data for Name: document_category; Type: TABLE DATA; Schema: public; Owner: postgres
--

COPY public.document_category (id, name, slug, description, icon, "position", access_level) FROM stdin;
1	Débuter en trading	debuter-en-trading	Les bases absolues pour comprendre les marchés financiers avant de trader.	🎓	1	free
2	Analyse technique classique	analyse-technique-classique	Les outils fondamentaux de l'analyse technique — le socle de toute stratégie de trading.	📈	2	free
3	ICT — Inner Circle Trader	ict-inner-circle-trader	La méthodologie ICT complète — de l'introduction aux concepts avancés de Smart Money.	📐	3	free
4	ICT Avancé — Concepts Experts	ict-avance-concepts-experts	Les concepts ICT de niveau expert — PO3, Silver Bullet, CISD, Unicorn Model et plus.	🎯	4	premium
5	Price Action & Wyckoff	price-action-wyckoff	La méthode Wyckoff et la lecture avancée du price action — 100 ans de market wisdom.	🔬	5	free
6	Orderflow & Footprint	orderflow-footprint	Lecture du carnet d'ordres, delta, footprint charts — le trading à partir des flux d'ordres bruts.	📊	6	premium
7	Quantitatif & Statistiques	quantitatif-statistiques	STDV, distributions, backtesting rigoureux, Monte Carlo — le trading mathématique.	📉	7	premium
8	Gestion du risque avancée	gestion-risque-avancee	Risk management professionnel — la discipline qui sépare les traders rentables des autres.	🛡️	8	premium
9	Psychologie & Mindset	psychologie-mindset	La dimension psychologique du trading — la partie la plus négligée et la plus importante.	🧠	9	free
10	Trading Algorithmique	trading-algorithmique	Automatiser ses stratégies — de PineScript à Python en passant par les algo de trading.	⚙️	10	premium
11	Stratégies & Setups complets	strategies-setups-complets	Des stratégies de trading complètes et backtestées — de l'entrée à la sortie.	🗺️	11	premium
\.


--
-- TOC entry 5080 (class 0 OID 58087)
-- Dependencies: 231
-- Data for Name: messenger_messages; Type: TABLE DATA; Schema: public; Owner: postgres
--

COPY public.messenger_messages (id, body, headers, queue_name, created_at, available_at, delivered_at) FROM stdin;
1	O:36:\\"Symfony\\\\Component\\\\Messenger\\\\Envelope\\":2:{s:44:\\"\\0Symfony\\\\Component\\\\Messenger\\\\Envelope\\0stamps\\";a:1:{s:46:\\"Symfony\\\\Component\\\\Messenger\\\\Stamp\\\\BusNameStamp\\";a:1:{i:0;O:46:\\"Symfony\\\\Component\\\\Messenger\\\\Stamp\\\\BusNameStamp\\":1:{s:55:\\"\\0Symfony\\\\Component\\\\Messenger\\\\Stamp\\\\BusNameStamp\\0busName\\";s:21:\\"messenger.bus.default\\";}}}s:45:\\"\\0Symfony\\\\Component\\\\Messenger\\\\Envelope\\0message\\";O:51:\\"Symfony\\\\Component\\\\Mailer\\\\Messenger\\\\SendEmailMessage\\":2:{s:60:\\"\\0Symfony\\\\Component\\\\Mailer\\\\Messenger\\\\SendEmailMessage\\0message\\";O:28:\\"Symfony\\\\Component\\\\Mime\\\\Email\\":6:{i:0;N;i:1;N;i:2;s:452:\\"<p>Bonjour test,</p><p>Cliquez sur le lien ci-dessous pour réinitialiser votre mot de passe. Ce lien expire dans 1 heure.</p><p><a href=\\"http://127.0.0.1:8000/reinitialisation/93b86967754309a66b4ad3d8233398ca5c5333cf0047d8005622d23297d58ffe\\">http://127.0.0.1:8000/reinitialisation/93b86967754309a66b4ad3d8233398ca5c5333cf0047d8005622d23297d58ffe</a></p><p>Si vous n\\'avez pas demandé cette réinitialisation, ignorez cet email.</p><p>— dev.trade</p>\\";i:3;s:5:\\"utf-8\\";i:4;a:0:{}i:5;a:2:{i:0;O:37:\\"Symfony\\\\Component\\\\Mime\\\\Header\\\\Headers\\":2:{s:46:\\"\\0Symfony\\\\Component\\\\Mime\\\\Header\\\\Headers\\0headers\\";a:3:{s:4:\\"from\\";a:1:{i:0;O:47:\\"Symfony\\\\Component\\\\Mime\\\\Header\\\\MailboxListHeader\\":5:{s:50:\\"\\0Symfony\\\\Component\\\\Mime\\\\Header\\\\AbstractHeader\\0name\\";s:4:\\"From\\";s:56:\\"\\0Symfony\\\\Component\\\\Mime\\\\Header\\\\AbstractHeader\\0lineLength\\";i:76;s:50:\\"\\0Symfony\\\\Component\\\\Mime\\\\Header\\\\AbstractHeader\\0lang\\";N;s:53:\\"\\0Symfony\\\\Component\\\\Mime\\\\Header\\\\AbstractHeader\\0charset\\";s:5:\\"utf-8\\";s:58:\\"\\0Symfony\\\\Component\\\\Mime\\\\Header\\\\MailboxListHeader\\0addresses\\";a:1:{i:0;O:30:\\"Symfony\\\\Component\\\\Mime\\\\Address\\":2:{s:39:\\"\\0Symfony\\\\Component\\\\Mime\\\\Address\\0address\\";s:19:\\"noreply@devtrade.fr\\";s:36:\\"\\0Symfony\\\\Component\\\\Mime\\\\Address\\0name\\";s:0:\\"\\";}}}}s:2:\\"to\\";a:1:{i:0;O:47:\\"Symfony\\\\Component\\\\Mime\\\\Header\\\\MailboxListHeader\\":5:{s:50:\\"\\0Symfony\\\\Component\\\\Mime\\\\Header\\\\AbstractHeader\\0name\\";s:2:\\"To\\";s:56:\\"\\0Symfony\\\\Component\\\\Mime\\\\Header\\\\AbstractHeader\\0lineLength\\";i:76;s:50:\\"\\0Symfony\\\\Component\\\\Mime\\\\Header\\\\AbstractHeader\\0lang\\";N;s:53:\\"\\0Symfony\\\\Component\\\\Mime\\\\Header\\\\AbstractHeader\\0charset\\";s:5:\\"utf-8\\";s:58:\\"\\0Symfony\\\\Component\\\\Mime\\\\Header\\\\MailboxListHeader\\0addresses\\";a:1:{i:0;O:30:\\"Symfony\\\\Component\\\\Mime\\\\Address\\":2:{s:39:\\"\\0Symfony\\\\Component\\\\Mime\\\\Address\\0address\\";s:20:\\"ilonafiret@gmail.com\\";s:36:\\"\\0Symfony\\\\Component\\\\Mime\\\\Address\\0name\\";s:0:\\"\\";}}}}s:7:\\"subject\\";a:1:{i:0;O:48:\\"Symfony\\\\Component\\\\Mime\\\\Header\\\\UnstructuredHeader\\":5:{s:50:\\"\\0Symfony\\\\Component\\\\Mime\\\\Header\\\\AbstractHeader\\0name\\";s:7:\\"Subject\\";s:56:\\"\\0Symfony\\\\Component\\\\Mime\\\\Header\\\\AbstractHeader\\0lineLength\\";i:76;s:50:\\"\\0Symfony\\\\Component\\\\Mime\\\\Header\\\\AbstractHeader\\0lang\\";N;s:53:\\"\\0Symfony\\\\Component\\\\Mime\\\\Header\\\\AbstractHeader\\0charset\\";s:5:\\"utf-8\\";s:55:\\"\\0Symfony\\\\Component\\\\Mime\\\\Header\\\\UnstructuredHeader\\0value\\";s:51:\\"[dev.trade] Réinitialisation de votre mot de passe\\";}}}s:49:\\"\\0Symfony\\\\Component\\\\Mime\\\\Header\\\\Headers\\0lineLength\\";i:76;}i:1;N;}}s:61:\\"\\0Symfony\\\\Component\\\\Mailer\\\\Messenger\\\\SendEmailMessage\\0envelope\\";N;}}	[]	default	2026-04-01 20:44:49	2026-04-01 20:44:49	\N
2	O:36:\\"Symfony\\\\Component\\\\Messenger\\\\Envelope\\":2:{s:44:\\"\\0Symfony\\\\Component\\\\Messenger\\\\Envelope\\0stamps\\";a:1:{s:46:\\"Symfony\\\\Component\\\\Messenger\\\\Stamp\\\\BusNameStamp\\";a:1:{i:0;O:46:\\"Symfony\\\\Component\\\\Messenger\\\\Stamp\\\\BusNameStamp\\":1:{s:55:\\"\\0Symfony\\\\Component\\\\Messenger\\\\Stamp\\\\BusNameStamp\\0busName\\";s:21:\\"messenger.bus.default\\";}}}s:45:\\"\\0Symfony\\\\Component\\\\Messenger\\\\Envelope\\0message\\";O:51:\\"Symfony\\\\Component\\\\Mailer\\\\Messenger\\\\SendEmailMessage\\":2:{s:60:\\"\\0Symfony\\\\Component\\\\Mailer\\\\Messenger\\\\SendEmailMessage\\0message\\";O:28:\\"Symfony\\\\Component\\\\Mime\\\\Email\\":6:{i:0;N;i:1;N;i:2;s:452:\\"<p>Bonjour test,</p><p>Cliquez sur le lien ci-dessous pour réinitialiser votre mot de passe. Ce lien expire dans 1 heure.</p><p><a href=\\"http://127.0.0.1:8000/reinitialisation/e5f3e1aa56a9e31ac900ef7f325c8c006c74cd28372793b716db218771bdaa58\\">http://127.0.0.1:8000/reinitialisation/e5f3e1aa56a9e31ac900ef7f325c8c006c74cd28372793b716db218771bdaa58</a></p><p>Si vous n\\'avez pas demandé cette réinitialisation, ignorez cet email.</p><p>— dev.trade</p>\\";i:3;s:5:\\"utf-8\\";i:4;a:0:{}i:5;a:2:{i:0;O:37:\\"Symfony\\\\Component\\\\Mime\\\\Header\\\\Headers\\":2:{s:46:\\"\\0Symfony\\\\Component\\\\Mime\\\\Header\\\\Headers\\0headers\\";a:3:{s:4:\\"from\\";a:1:{i:0;O:47:\\"Symfony\\\\Component\\\\Mime\\\\Header\\\\MailboxListHeader\\":5:{s:50:\\"\\0Symfony\\\\Component\\\\Mime\\\\Header\\\\AbstractHeader\\0name\\";s:4:\\"From\\";s:56:\\"\\0Symfony\\\\Component\\\\Mime\\\\Header\\\\AbstractHeader\\0lineLength\\";i:76;s:50:\\"\\0Symfony\\\\Component\\\\Mime\\\\Header\\\\AbstractHeader\\0lang\\";N;s:53:\\"\\0Symfony\\\\Component\\\\Mime\\\\Header\\\\AbstractHeader\\0charset\\";s:5:\\"utf-8\\";s:58:\\"\\0Symfony\\\\Component\\\\Mime\\\\Header\\\\MailboxListHeader\\0addresses\\";a:1:{i:0;O:30:\\"Symfony\\\\Component\\\\Mime\\\\Address\\":2:{s:39:\\"\\0Symfony\\\\Component\\\\Mime\\\\Address\\0address\\";s:19:\\"noreply@devtrade.fr\\";s:36:\\"\\0Symfony\\\\Component\\\\Mime\\\\Address\\0name\\";s:0:\\"\\";}}}}s:2:\\"to\\";a:1:{i:0;O:47:\\"Symfony\\\\Component\\\\Mime\\\\Header\\\\MailboxListHeader\\":5:{s:50:\\"\\0Symfony\\\\Component\\\\Mime\\\\Header\\\\AbstractHeader\\0name\\";s:2:\\"To\\";s:56:\\"\\0Symfony\\\\Component\\\\Mime\\\\Header\\\\AbstractHeader\\0lineLength\\";i:76;s:50:\\"\\0Symfony\\\\Component\\\\Mime\\\\Header\\\\AbstractHeader\\0lang\\";N;s:53:\\"\\0Symfony\\\\Component\\\\Mime\\\\Header\\\\AbstractHeader\\0charset\\";s:5:\\"utf-8\\";s:58:\\"\\0Symfony\\\\Component\\\\Mime\\\\Header\\\\MailboxListHeader\\0addresses\\";a:1:{i:0;O:30:\\"Symfony\\\\Component\\\\Mime\\\\Address\\":2:{s:39:\\"\\0Symfony\\\\Component\\\\Mime\\\\Address\\0address\\";s:20:\\"ilonafiret@gmail.com\\";s:36:\\"\\0Symfony\\\\Component\\\\Mime\\\\Address\\0name\\";s:0:\\"\\";}}}}s:7:\\"subject\\";a:1:{i:0;O:48:\\"Symfony\\\\Component\\\\Mime\\\\Header\\\\UnstructuredHeader\\":5:{s:50:\\"\\0Symfony\\\\Component\\\\Mime\\\\Header\\\\AbstractHeader\\0name\\";s:7:\\"Subject\\";s:56:\\"\\0Symfony\\\\Component\\\\Mime\\\\Header\\\\AbstractHeader\\0lineLength\\";i:76;s:50:\\"\\0Symfony\\\\Component\\\\Mime\\\\Header\\\\AbstractHeader\\0lang\\";N;s:53:\\"\\0Symfony\\\\Component\\\\Mime\\\\Header\\\\AbstractHeader\\0charset\\";s:5:\\"utf-8\\";s:55:\\"\\0Symfony\\\\Component\\\\Mime\\\\Header\\\\UnstructuredHeader\\0value\\";s:51:\\"[dev.trade] Réinitialisation de votre mot de passe\\";}}}s:49:\\"\\0Symfony\\\\Component\\\\Mime\\\\Header\\\\Headers\\0lineLength\\";i:76;}i:1;N;}}s:61:\\"\\0Symfony\\\\Component\\\\Mailer\\\\Messenger\\\\SendEmailMessage\\0envelope\\";N;}}	[]	default	2026-04-01 20:47:24	2026-04-01 20:47:24	\N
3	O:36:\\"Symfony\\\\Component\\\\Messenger\\\\Envelope\\":2:{s:44:\\"\\0Symfony\\\\Component\\\\Messenger\\\\Envelope\\0stamps\\";a:1:{s:46:\\"Symfony\\\\Component\\\\Messenger\\\\Stamp\\\\BusNameStamp\\";a:1:{i:0;O:46:\\"Symfony\\\\Component\\\\Messenger\\\\Stamp\\\\BusNameStamp\\":1:{s:55:\\"\\0Symfony\\\\Component\\\\Messenger\\\\Stamp\\\\BusNameStamp\\0busName\\";s:21:\\"messenger.bus.default\\";}}}s:45:\\"\\0Symfony\\\\Component\\\\Messenger\\\\Envelope\\0message\\";O:51:\\"Symfony\\\\Component\\\\Mailer\\\\Messenger\\\\SendEmailMessage\\":2:{s:60:\\"\\0Symfony\\\\Component\\\\Mailer\\\\Messenger\\\\SendEmailMessage\\0message\\";O:28:\\"Symfony\\\\Component\\\\Mime\\\\Email\\":6:{i:0;N;i:1;N;i:2;s:452:\\"<p>Bonjour test,</p><p>Cliquez sur le lien ci-dessous pour réinitialiser votre mot de passe. Ce lien expire dans 1 heure.</p><p><a href=\\"http://127.0.0.1:8000/reinitialisation/d03285ac0e330303aebafd3054aba88e3a17c6ba23ec467b7702891272290bb2\\">http://127.0.0.1:8000/reinitialisation/d03285ac0e330303aebafd3054aba88e3a17c6ba23ec467b7702891272290bb2</a></p><p>Si vous n\\'avez pas demandé cette réinitialisation, ignorez cet email.</p><p>— dev.trade</p>\\";i:3;s:5:\\"utf-8\\";i:4;a:0:{}i:5;a:2:{i:0;O:37:\\"Symfony\\\\Component\\\\Mime\\\\Header\\\\Headers\\":2:{s:46:\\"\\0Symfony\\\\Component\\\\Mime\\\\Header\\\\Headers\\0headers\\";a:3:{s:4:\\"from\\";a:1:{i:0;O:47:\\"Symfony\\\\Component\\\\Mime\\\\Header\\\\MailboxListHeader\\":5:{s:50:\\"\\0Symfony\\\\Component\\\\Mime\\\\Header\\\\AbstractHeader\\0name\\";s:4:\\"From\\";s:56:\\"\\0Symfony\\\\Component\\\\Mime\\\\Header\\\\AbstractHeader\\0lineLength\\";i:76;s:50:\\"\\0Symfony\\\\Component\\\\Mime\\\\Header\\\\AbstractHeader\\0lang\\";N;s:53:\\"\\0Symfony\\\\Component\\\\Mime\\\\Header\\\\AbstractHeader\\0charset\\";s:5:\\"utf-8\\";s:58:\\"\\0Symfony\\\\Component\\\\Mime\\\\Header\\\\MailboxListHeader\\0addresses\\";a:1:{i:0;O:30:\\"Symfony\\\\Component\\\\Mime\\\\Address\\":2:{s:39:\\"\\0Symfony\\\\Component\\\\Mime\\\\Address\\0address\\";s:19:\\"laurfran3@gmail.com\\";s:36:\\"\\0Symfony\\\\Component\\\\Mime\\\\Address\\0name\\";s:0:\\"\\";}}}}s:2:\\"to\\";a:1:{i:0;O:47:\\"Symfony\\\\Component\\\\Mime\\\\Header\\\\MailboxListHeader\\":5:{s:50:\\"\\0Symfony\\\\Component\\\\Mime\\\\Header\\\\AbstractHeader\\0name\\";s:2:\\"To\\";s:56:\\"\\0Symfony\\\\Component\\\\Mime\\\\Header\\\\AbstractHeader\\0lineLength\\";i:76;s:50:\\"\\0Symfony\\\\Component\\\\Mime\\\\Header\\\\AbstractHeader\\0lang\\";N;s:53:\\"\\0Symfony\\\\Component\\\\Mime\\\\Header\\\\AbstractHeader\\0charset\\";s:5:\\"utf-8\\";s:58:\\"\\0Symfony\\\\Component\\\\Mime\\\\Header\\\\MailboxListHeader\\0addresses\\";a:1:{i:0;O:30:\\"Symfony\\\\Component\\\\Mime\\\\Address\\":2:{s:39:\\"\\0Symfony\\\\Component\\\\Mime\\\\Address\\0address\\";s:20:\\"ilonafiret@gmail.com\\";s:36:\\"\\0Symfony\\\\Component\\\\Mime\\\\Address\\0name\\";s:0:\\"\\";}}}}s:7:\\"subject\\";a:1:{i:0;O:48:\\"Symfony\\\\Component\\\\Mime\\\\Header\\\\UnstructuredHeader\\":5:{s:50:\\"\\0Symfony\\\\Component\\\\Mime\\\\Header\\\\AbstractHeader\\0name\\";s:7:\\"Subject\\";s:56:\\"\\0Symfony\\\\Component\\\\Mime\\\\Header\\\\AbstractHeader\\0lineLength\\";i:76;s:50:\\"\\0Symfony\\\\Component\\\\Mime\\\\Header\\\\AbstractHeader\\0lang\\";N;s:53:\\"\\0Symfony\\\\Component\\\\Mime\\\\Header\\\\AbstractHeader\\0charset\\";s:5:\\"utf-8\\";s:55:\\"\\0Symfony\\\\Component\\\\Mime\\\\Header\\\\UnstructuredHeader\\0value\\";s:51:\\"[dev.trade] Réinitialisation de votre mot de passe\\";}}}s:49:\\"\\0Symfony\\\\Component\\\\Mime\\\\Header\\\\Headers\\0lineLength\\";i:76;}i:1;N;}}s:61:\\"\\0Symfony\\\\Component\\\\Mailer\\\\Messenger\\\\SendEmailMessage\\0envelope\\";N;}}	[]	default	2026-04-01 20:55:20	2026-04-01 20:55:20	\N
4	O:36:\\"Symfony\\\\Component\\\\Messenger\\\\Envelope\\":2:{s:44:\\"\\0Symfony\\\\Component\\\\Messenger\\\\Envelope\\0stamps\\";a:1:{s:46:\\"Symfony\\\\Component\\\\Messenger\\\\Stamp\\\\BusNameStamp\\";a:1:{i:0;O:46:\\"Symfony\\\\Component\\\\Messenger\\\\Stamp\\\\BusNameStamp\\":1:{s:55:\\"\\0Symfony\\\\Component\\\\Messenger\\\\Stamp\\\\BusNameStamp\\0busName\\";s:21:\\"messenger.bus.default\\";}}}s:45:\\"\\0Symfony\\\\Component\\\\Messenger\\\\Envelope\\0message\\";O:51:\\"Symfony\\\\Component\\\\Mailer\\\\Messenger\\\\SendEmailMessage\\":2:{s:60:\\"\\0Symfony\\\\Component\\\\Mailer\\\\Messenger\\\\SendEmailMessage\\0message\\";O:28:\\"Symfony\\\\Component\\\\Mime\\\\Email\\":6:{i:0;N;i:1;N;i:2;s:452:\\"<p>Bonjour test,</p><p>Cliquez sur le lien ci-dessous pour réinitialiser votre mot de passe. Ce lien expire dans 1 heure.</p><p><a href=\\"http://127.0.0.1:8000/reinitialisation/efd7884c82511b2dde831bd17cf7076bfb5df543a4591b03250fc4fa3290af0d\\">http://127.0.0.1:8000/reinitialisation/efd7884c82511b2dde831bd17cf7076bfb5df543a4591b03250fc4fa3290af0d</a></p><p>Si vous n\\'avez pas demandé cette réinitialisation, ignorez cet email.</p><p>— dev.trade</p>\\";i:3;s:5:\\"utf-8\\";i:4;a:0:{}i:5;a:2:{i:0;O:37:\\"Symfony\\\\Component\\\\Mime\\\\Header\\\\Headers\\":2:{s:46:\\"\\0Symfony\\\\Component\\\\Mime\\\\Header\\\\Headers\\0headers\\";a:3:{s:4:\\"from\\";a:1:{i:0;O:47:\\"Symfony\\\\Component\\\\Mime\\\\Header\\\\MailboxListHeader\\":5:{s:50:\\"\\0Symfony\\\\Component\\\\Mime\\\\Header\\\\AbstractHeader\\0name\\";s:4:\\"From\\";s:56:\\"\\0Symfony\\\\Component\\\\Mime\\\\Header\\\\AbstractHeader\\0lineLength\\";i:76;s:50:\\"\\0Symfony\\\\Component\\\\Mime\\\\Header\\\\AbstractHeader\\0lang\\";N;s:53:\\"\\0Symfony\\\\Component\\\\Mime\\\\Header\\\\AbstractHeader\\0charset\\";s:5:\\"utf-8\\";s:58:\\"\\0Symfony\\\\Component\\\\Mime\\\\Header\\\\MailboxListHeader\\0addresses\\";a:1:{i:0;O:30:\\"Symfony\\\\Component\\\\Mime\\\\Address\\":2:{s:39:\\"\\0Symfony\\\\Component\\\\Mime\\\\Address\\0address\\";s:19:\\"laurfran3@gmail.com\\";s:36:\\"\\0Symfony\\\\Component\\\\Mime\\\\Address\\0name\\";s:0:\\"\\";}}}}s:2:\\"to\\";a:1:{i:0;O:47:\\"Symfony\\\\Component\\\\Mime\\\\Header\\\\MailboxListHeader\\":5:{s:50:\\"\\0Symfony\\\\Component\\\\Mime\\\\Header\\\\AbstractHeader\\0name\\";s:2:\\"To\\";s:56:\\"\\0Symfony\\\\Component\\\\Mime\\\\Header\\\\AbstractHeader\\0lineLength\\";i:76;s:50:\\"\\0Symfony\\\\Component\\\\Mime\\\\Header\\\\AbstractHeader\\0lang\\";N;s:53:\\"\\0Symfony\\\\Component\\\\Mime\\\\Header\\\\AbstractHeader\\0charset\\";s:5:\\"utf-8\\";s:58:\\"\\0Symfony\\\\Component\\\\Mime\\\\Header\\\\MailboxListHeader\\0addresses\\";a:1:{i:0;O:30:\\"Symfony\\\\Component\\\\Mime\\\\Address\\":2:{s:39:\\"\\0Symfony\\\\Component\\\\Mime\\\\Address\\0address\\";s:20:\\"ilonafiret@gmail.com\\";s:36:\\"\\0Symfony\\\\Component\\\\Mime\\\\Address\\0name\\";s:0:\\"\\";}}}}s:7:\\"subject\\";a:1:{i:0;O:48:\\"Symfony\\\\Component\\\\Mime\\\\Header\\\\UnstructuredHeader\\":5:{s:50:\\"\\0Symfony\\\\Component\\\\Mime\\\\Header\\\\AbstractHeader\\0name\\";s:7:\\"Subject\\";s:56:\\"\\0Symfony\\\\Component\\\\Mime\\\\Header\\\\AbstractHeader\\0lineLength\\";i:76;s:50:\\"\\0Symfony\\\\Component\\\\Mime\\\\Header\\\\AbstractHeader\\0lang\\";N;s:53:\\"\\0Symfony\\\\Component\\\\Mime\\\\Header\\\\AbstractHeader\\0charset\\";s:5:\\"utf-8\\";s:55:\\"\\0Symfony\\\\Component\\\\Mime\\\\Header\\\\UnstructuredHeader\\0value\\";s:51:\\"[dev.trade] Réinitialisation de votre mot de passe\\";}}}s:49:\\"\\0Symfony\\\\Component\\\\Mime\\\\Header\\\\Headers\\0lineLength\\";i:76;}i:1;N;}}s:61:\\"\\0Symfony\\\\Component\\\\Mailer\\\\Messenger\\\\SendEmailMessage\\0envelope\\";N;}}	[]	default	2026-04-01 20:56:31	2026-04-01 20:56:31	\N
5	O:36:\\"Symfony\\\\Component\\\\Messenger\\\\Envelope\\":2:{s:44:\\"\\0Symfony\\\\Component\\\\Messenger\\\\Envelope\\0stamps\\";a:1:{s:46:\\"Symfony\\\\Component\\\\Messenger\\\\Stamp\\\\BusNameStamp\\";a:1:{i:0;O:46:\\"Symfony\\\\Component\\\\Messenger\\\\Stamp\\\\BusNameStamp\\":1:{s:55:\\"\\0Symfony\\\\Component\\\\Messenger\\\\Stamp\\\\BusNameStamp\\0busName\\";s:21:\\"messenger.bus.default\\";}}}s:45:\\"\\0Symfony\\\\Component\\\\Messenger\\\\Envelope\\0message\\";O:51:\\"Symfony\\\\Component\\\\Mailer\\\\Messenger\\\\SendEmailMessage\\":2:{s:60:\\"\\0Symfony\\\\Component\\\\Mailer\\\\Messenger\\\\SendEmailMessage\\0message\\";O:28:\\"Symfony\\\\Component\\\\Mime\\\\Email\\":6:{i:0;N;i:1;N;i:2;s:452:\\"<p>Bonjour test,</p><p>Cliquez sur le lien ci-dessous pour réinitialiser votre mot de passe. Ce lien expire dans 1 heure.</p><p><a href=\\"http://127.0.0.1:8000/reinitialisation/ce1947fa694bdb98ee94eaff3faaef746763e7e17f02aa99d80e1b2706fe04fa\\">http://127.0.0.1:8000/reinitialisation/ce1947fa694bdb98ee94eaff3faaef746763e7e17f02aa99d80e1b2706fe04fa</a></p><p>Si vous n\\'avez pas demandé cette réinitialisation, ignorez cet email.</p><p>— dev.trade</p>\\";i:3;s:5:\\"utf-8\\";i:4;a:0:{}i:5;a:2:{i:0;O:37:\\"Symfony\\\\Component\\\\Mime\\\\Header\\\\Headers\\":2:{s:46:\\"\\0Symfony\\\\Component\\\\Mime\\\\Header\\\\Headers\\0headers\\";a:3:{s:4:\\"from\\";a:1:{i:0;O:47:\\"Symfony\\\\Component\\\\Mime\\\\Header\\\\MailboxListHeader\\":5:{s:50:\\"\\0Symfony\\\\Component\\\\Mime\\\\Header\\\\AbstractHeader\\0name\\";s:4:\\"From\\";s:56:\\"\\0Symfony\\\\Component\\\\Mime\\\\Header\\\\AbstractHeader\\0lineLength\\";i:76;s:50:\\"\\0Symfony\\\\Component\\\\Mime\\\\Header\\\\AbstractHeader\\0lang\\";N;s:53:\\"\\0Symfony\\\\Component\\\\Mime\\\\Header\\\\AbstractHeader\\0charset\\";s:5:\\"utf-8\\";s:58:\\"\\0Symfony\\\\Component\\\\Mime\\\\Header\\\\MailboxListHeader\\0addresses\\";a:1:{i:0;O:30:\\"Symfony\\\\Component\\\\Mime\\\\Address\\":2:{s:39:\\"\\0Symfony\\\\Component\\\\Mime\\\\Address\\0address\\";s:19:\\"laurfran3@gmail.com\\";s:36:\\"\\0Symfony\\\\Component\\\\Mime\\\\Address\\0name\\";s:0:\\"\\";}}}}s:2:\\"to\\";a:1:{i:0;O:47:\\"Symfony\\\\Component\\\\Mime\\\\Header\\\\MailboxListHeader\\":5:{s:50:\\"\\0Symfony\\\\Component\\\\Mime\\\\Header\\\\AbstractHeader\\0name\\";s:2:\\"To\\";s:56:\\"\\0Symfony\\\\Component\\\\Mime\\\\Header\\\\AbstractHeader\\0lineLength\\";i:76;s:50:\\"\\0Symfony\\\\Component\\\\Mime\\\\Header\\\\AbstractHeader\\0lang\\";N;s:53:\\"\\0Symfony\\\\Component\\\\Mime\\\\Header\\\\AbstractHeader\\0charset\\";s:5:\\"utf-8\\";s:58:\\"\\0Symfony\\\\Component\\\\Mime\\\\Header\\\\MailboxListHeader\\0addresses\\";a:1:{i:0;O:30:\\"Symfony\\\\Component\\\\Mime\\\\Address\\":2:{s:39:\\"\\0Symfony\\\\Component\\\\Mime\\\\Address\\0address\\";s:20:\\"ilonafiret@gmail.com\\";s:36:\\"\\0Symfony\\\\Component\\\\Mime\\\\Address\\0name\\";s:0:\\"\\";}}}}s:7:\\"subject\\";a:1:{i:0;O:48:\\"Symfony\\\\Component\\\\Mime\\\\Header\\\\UnstructuredHeader\\":5:{s:50:\\"\\0Symfony\\\\Component\\\\Mime\\\\Header\\\\AbstractHeader\\0name\\";s:7:\\"Subject\\";s:56:\\"\\0Symfony\\\\Component\\\\Mime\\\\Header\\\\AbstractHeader\\0lineLength\\";i:76;s:50:\\"\\0Symfony\\\\Component\\\\Mime\\\\Header\\\\AbstractHeader\\0lang\\";N;s:53:\\"\\0Symfony\\\\Component\\\\Mime\\\\Header\\\\AbstractHeader\\0charset\\";s:5:\\"utf-8\\";s:55:\\"\\0Symfony\\\\Component\\\\Mime\\\\Header\\\\UnstructuredHeader\\0value\\";s:51:\\"[dev.trade] Réinitialisation de votre mot de passe\\";}}}s:49:\\"\\0Symfony\\\\Component\\\\Mime\\\\Header\\\\Headers\\0lineLength\\";i:76;}i:1;N;}}s:61:\\"\\0Symfony\\\\Component\\\\Mailer\\\\Messenger\\\\SendEmailMessage\\0envelope\\";N;}}	[]	default	2026-04-01 20:58:09	2026-04-01 20:58:09	\N
\.


--
-- TOC entry 5074 (class 0 OID 58034)
-- Dependencies: 225
-- Data for Name: project; Type: TABLE DATA; Schema: public; Owner: postgres
--

COPY public.project (id, title, slug, type, short_desc, description, tech_stack, image_url, project_url, github_url, is_featured, is_visible, "position", created_at) FROM stdin;
\.


--
-- TOC entry 5076 (class 0 OID 58056)
-- Dependencies: 227
-- Data for Name: user; Type: TABLE DATA; Schema: public; Owner: postgres
--

COPY public."user" (id, email, roles, password, first_name, last_name, is_premium, stripe_customer_id, created_at, confirmed_at, reset_token, reset_token_expires_at) FROM stdin;
2	laurfran3@gmail.com	["ROLE_ADMIN"]	$2y$13$M8uJYl6Bt0vuwPYm4A..quNe5OT2h9dLLsobhDv08FafXkp9wkzz6	frank	laur	t	\N	2026-04-01 16:29:48	\N	\N	\N
3	ilonafiret@gmail.com	["ROLE_USER"]	$2y$13$/wbgOQOcdY6lPd13UEOb8udqxCOdUSbt1ceufVkMpbaMzZFnszWBC	test	test	f	\N	2026-04-01 22:44:25	\N	\N	\N
\.


--
-- TOC entry 5078 (class 0 OID 58075)
-- Dependencies: 229
-- Data for Name: waitlist_entry; Type: TABLE DATA; Schema: public; Owner: postgres
--

COPY public.waitlist_entry (id, email, first_name, source, notified, created_at) FROM stdin;
\.


--
-- TOC entry 5086 (class 0 OID 0)
-- Dependencies: 222
-- Name: document_category_id_seq; Type: SEQUENCE SET; Schema: public; Owner: postgres
--

SELECT pg_catalog.setval('public.document_category_id_seq', 11, true);


--
-- TOC entry 5087 (class 0 OID 0)
-- Dependencies: 220
-- Name: document_id_seq; Type: SEQUENCE SET; Schema: public; Owner: postgres
--

SELECT pg_catalog.setval('public.document_id_seq', 76, true);


--
-- TOC entry 5088 (class 0 OID 0)
-- Dependencies: 230
-- Name: messenger_messages_id_seq; Type: SEQUENCE SET; Schema: public; Owner: postgres
--

SELECT pg_catalog.setval('public.messenger_messages_id_seq', 5, true);


--
-- TOC entry 5089 (class 0 OID 0)
-- Dependencies: 224
-- Name: project_id_seq; Type: SEQUENCE SET; Schema: public; Owner: postgres
--

SELECT pg_catalog.setval('public.project_id_seq', 1, false);


--
-- TOC entry 5090 (class 0 OID 0)
-- Dependencies: 226
-- Name: user_id_seq; Type: SEQUENCE SET; Schema: public; Owner: postgres
--

SELECT pg_catalog.setval('public.user_id_seq', 3, true);


--
-- TOC entry 5091 (class 0 OID 0)
-- Dependencies: 228
-- Name: waitlist_entry_id_seq; Type: SEQUENCE SET; Schema: public; Owner: postgres
--

SELECT pg_catalog.setval('public.waitlist_entry_id_seq', 1, false);


--
-- TOC entry 4900 (class 2606 OID 57995)
-- Name: doctrine_migration_versions doctrine_migration_versions_pkey; Type: CONSTRAINT; Schema: public; Owner: postgres
--

ALTER TABLE ONLY public.doctrine_migration_versions
    ADD CONSTRAINT doctrine_migration_versions_pkey PRIMARY KEY (version);


--
-- TOC entry 4907 (class 2606 OID 58031)
-- Name: document_category document_category_pkey; Type: CONSTRAINT; Schema: public; Owner: postgres
--

ALTER TABLE ONLY public.document_category
    ADD CONSTRAINT document_category_pkey PRIMARY KEY (id);


--
-- TOC entry 4902 (class 2606 OID 58014)
-- Name: document document_pkey; Type: CONSTRAINT; Schema: public; Owner: postgres
--

ALTER TABLE ONLY public.document
    ADD CONSTRAINT document_pkey PRIMARY KEY (id);


--
-- TOC entry 4918 (class 2606 OID 58100)
-- Name: messenger_messages messenger_messages_pkey; Type: CONSTRAINT; Schema: public; Owner: postgres
--

ALTER TABLE ONLY public.messenger_messages
    ADD CONSTRAINT messenger_messages_pkey PRIMARY KEY (id);


--
-- TOC entry 4910 (class 2606 OID 58054)
-- Name: project project_pkey; Type: CONSTRAINT; Schema: public; Owner: postgres
--

ALTER TABLE ONLY public.project
    ADD CONSTRAINT project_pkey PRIMARY KEY (id);


--
-- TOC entry 4913 (class 2606 OID 58072)
-- Name: user user_pkey; Type: CONSTRAINT; Schema: public; Owner: postgres
--

ALTER TABLE ONLY public."user"
    ADD CONSTRAINT user_pkey PRIMARY KEY (id);


--
-- TOC entry 4915 (class 2606 OID 58085)
-- Name: waitlist_entry waitlist_entry_pkey; Type: CONSTRAINT; Schema: public; Owner: postgres
--

ALTER TABLE ONLY public.waitlist_entry
    ADD CONSTRAINT waitlist_entry_pkey PRIMARY KEY (id);


--
-- TOC entry 4916 (class 1259 OID 58101)
-- Name: idx_75ea56e0fb7336f0e3bd61ce16ba31dbbf396750; Type: INDEX; Schema: public; Owner: postgres
--

CREATE INDEX idx_75ea56e0fb7336f0e3bd61ce16ba31dbbf396750 ON public.messenger_messages USING btree (queue_name, available_at, delivered_at, id);


--
-- TOC entry 4903 (class 1259 OID 58016)
-- Name: idx_d8698a7612469de2; Type: INDEX; Schema: public; Owner: postgres
--

CREATE INDEX idx_d8698a7612469de2 ON public.document USING btree (category_id);


--
-- TOC entry 4904 (class 1259 OID 58017)
-- Name: idx_d8698a76f675f31b; Type: INDEX; Schema: public; Owner: postgres
--

CREATE INDEX idx_d8698a76f675f31b ON public.document USING btree (author_id);


--
-- TOC entry 4908 (class 1259 OID 58032)
-- Name: uniq_898de898989d9b62; Type: INDEX; Schema: public; Owner: postgres
--

CREATE UNIQUE INDEX uniq_898de898989d9b62 ON public.document_category USING btree (slug);


--
-- TOC entry 4911 (class 1259 OID 58073)
-- Name: uniq_8d93d649e7927c74; Type: INDEX; Schema: public; Owner: postgres
--

CREATE UNIQUE INDEX uniq_8d93d649e7927c74 ON public."user" USING btree (email);


--
-- TOC entry 4905 (class 1259 OID 58015)
-- Name: uniq_d8698a76989d9b62; Type: INDEX; Schema: public; Owner: postgres
--

CREATE UNIQUE INDEX uniq_d8698a76989d9b62 ON public.document USING btree (slug);


--
-- TOC entry 4919 (class 2606 OID 58102)
-- Name: document fk_d8698a7612469de2; Type: FK CONSTRAINT; Schema: public; Owner: postgres
--

ALTER TABLE ONLY public.document
    ADD CONSTRAINT fk_d8698a7612469de2 FOREIGN KEY (category_id) REFERENCES public.document_category(id);


--
-- TOC entry 4920 (class 2606 OID 58107)
-- Name: document fk_d8698a76f675f31b; Type: FK CONSTRAINT; Schema: public; Owner: postgres
--

ALTER TABLE ONLY public.document
    ADD CONSTRAINT fk_d8698a76f675f31b FOREIGN KEY (author_id) REFERENCES public."user"(id);


-- Completed on 2026-04-01 23:40:31

--
-- PostgreSQL database dump complete
--

\unrestrict BDzj99TFUIYsipUOl6Ms8e9S8isZMsMdZNiwHgTfZGaYpPOEi8SOyrTKkJKKxrk

